SITE NUMBER,Station_Name,Province,City,Address,Latitude,Longitude
1262,IRVING 24 FREDERICTON,NB,FREDERICTON,"536 Riverside Dr, Fredericton, NB E3A 8C2",45.9731,-66.6427
1373,IRVING 24 ST-QUENTIN,NB,SAINT-QUENTIN,"131 Rue Canada, Saint-Quentin, NB E8A 1J4",47.5133,-67.3874
1522,IRVING 24 CHATHAM,NB,MIRAMICHI,"184 King St, Miramichi (Chatham), NB E1N 1E6",47.0205,-65.4684
1763,IRVING 24 PENNFIELD,NB,PENNFIELD RIDGE,"5030 Route 1, Pennfield Ridge, NB E5H 1K1",45.1428,-66.6891
1340,IRVING 24 GRAND FALLS,NB,SAINT-ANDRE,"121 Route 255, St Andre, NB E3Y 3N5",47.053,-67.7361
1375,SALISBURY IRVING BIG STOP,NB,SALISBURY,"2986 Fredericton Rd, Salisbury, NB E4J 3E2",46.0488,-65.0516
1466,IRVING 24 MONCTON,NB,MONCTON,"505 Edinburgh Dr, Moncton, NB E1E 4E3",46.1177,-64.8167
1043,IRVING 24 BATHURST,NB,BATHURST,"1350 St Peter Ave, Bathurst, NB E2A 7M7",47.6207,-65.6442
1169,IRVING 24 CHIPMAN,NB,CHIPMAN,"16 Mill Rd, Chipman, NB E4A 2H4",46.15,-65.8833
1312,LINCOLN IRVING BIG STOP,NB,WAASIS,"415 Nevers Rd, Waasis, NB E3B 9E1",45.9833,-66.4833
1599,IRVING 24 ROUTE 1,NB,ROTHESAY,"2870 NB-1, Rothesay, NB E2E 6H1",45.3753,-65.9937
1722,IRVING 24 LANCASTER,NB,SAINT JOHN,"783 Fairville Blvd, Saint John, NB E2M 5P9",45.2657,-66.1088
1832,IRVING 24 SUSSEX,NB,SUSSEX,"111 Broad St, Sussex, NB E4E 2A3",45.7157,-65.5088
1988,AULAC IRVING BIG STOP,NB,AULAC,"170 Aulac Rd, Aulac, NB E4L 2X2",45.8613,-64.3068
6168,IRVING 24 ST STEPHEN,NB,SAINT STEPHEN,"283 St Stephen Dr, St Stephen, NB E3L 2X1",45.1869,-67.2641
15019,MURRAYS IRVING,NB,BEARDSLEY,"198 Beardsley Rd, Beardsley, NB E7G 1V5",46.2333,-67.7167
1100,IRVING 24 DIGBY,NS,DIGBY,"186 Montague Row, Digby, NS B0V 1A0",44.6198,-65.7574
2248,IRVING 24 DARTMOUTH,NS,DARTMOUTH,"35 Akerley Blvd, Dartmouth, NS B3B 1R7",44.7046,-63.5908
2361,NEW MINAS IRVING BIG STOP,NS,NEW MINAS,"9321 Commercial St, New Minas, NS B4N 3G5",45.0781,-64.3803
2513,IRVING 24 NEW GLASGOW,NS,NEW GLASGOW,"330 Stellarton Rd, New Glasgow, NS B2H 5E1",45.5775,-62.6469
2871,IRVING 24 YARMOUTH,NS,YARMOUTH,"228 Forest St, Yarmouth, NS B5A 4B7",43.8386,-66.1168
2203,IRVING 24 BEECHVILLE,NS,BEECHVILLE,"3465 Kempt Rd, Beechville, NS B3L 4T4",44.6614,-63.6819
2633,ENFIELD IRVING BIG STOP,NS,ENFIELD,"82 Hwy 2, Enfield, NS B2T 1C9",44.9314,-63.5614
2093,IRVING 24 BRIDGEWATER,NS,BRIDGEWATER,"45 North St, Bridgewater, NS B4V 2V6",44.385,-64.5222
2740,TRURO HEIGHTS IRVING BIG STOP,NS,TRURO,"50 Treaty Trail, Truro, NS B2N 5B1",45.3847,-63.2939
2465,AULDS COVE IRVING BIG STOP,NS,AULDS COVE,"2 Trans-Canada Hwy, Aulds Cove, NS B0H 1B0",45.6172,-61.4717
3134,DEER LAKE IRVING BIG STOP,NL,DEER LAKE,"1 Eastbound Dr, Deer Lake, NL A8A 1S8",49.1783,-57.4283
3340,IRVING 24 ST.JOHNS,NL,MOUNT PEARL,"65 Clyde Ave, Mount Pearl, NL A1N 4R8",47.5227,-52.7861
37608,IRVING 24 ST DAVIDS,NL,SAINT DAVIDS,"Trans-Canada Hwy, St. Davids, NL A0N 1Z0",48.9144,-58.0294
3105,GOOBIES IRVING BIG STOP,NL,GOOBIES,"Trans-Canada Hwy, Goobies, NL A0B 1S0",47.6733,-53.9044
5050,IRVING 24 DUPLESSIS,QC,ANCIENNE-LORETTE,"1241 Boul Duplessis, L'Ancienne-Lorette, QC G2G 2B4",46.7872,-71.3521
15100,IRVING 24 CHAMBORD,QC,CHAMBORD,"1778 Rue Principale, Chambord, QC G0W 1G0",48.4383,-72.0653
21130,IRVING 24 BAIE COMEAU,QC,BAIE-COMEAU,"2929 Boul Lafleche, Baie-Comeau, QC G5C 1E6",49.1922,-68.3025
23150,ST-ANTONIN IRVING BIG STOP,QC,SAINT-ANTONIN,"960 Route 185, Saint-Antonin, QC G0L 2J0",47.7681,-69.4742
35060,IRVING 24 PORT CARTIER,QC,PORT-CARTIER,"19 Rue du Moulin, Port-Cartier, QC G5B 2G2",50.0333,-66.8864
37030,IRVING 24 STE-ANNE DE MONTS,QC,STE-ANNE-DES-MONTS,"100 Boul Sainte-Anne Ouest, Sainte-Anne-des-Monts, QC G4V 1P4",49.1264,-66.4911
59002,IRVING 24 LA TUQUE,QC,LA TUQUE,"600 Rue Commerciale, La Tuque, QC G9X 3B6",47.4539,-72.7703
5110,ST-LIBOIRE IRVING BIG STOP,QC,SAINT-LIBOIRE,"1145 Rang Saint-Edouard, Saint-Liboire, QC J0H 1R0",45.6583,-72.7669
13210,IRVING 24 MONTREAL,QC,MONTREAL,"4505 De La Sortie 185, Montreal, QC H1H 5H9",45.6083,-73.5253
5054,IRVING 24 ST JEAN CHRYSOSTOME,QC,SAINT-JEAN-CHRYSOSTOME,"860 Boul Guillaume Couture, Saint-Jean-Chrysostome, QC G6Z 2R1",46.7239,-71.2503
58231,YAMACHICHE I24,QC,YAMACHICHE,"430 Rue Sainte-Anne, Yamachiche, QC G0X 3L0",46.2714,-72.8231
17050,ST-CYRILLE IRVING BIG STOP,QC,SAINT-CYRILLE,"1145 Rang Saint-Edouard, Saint-Cyrille-de-Wendover, QC J1Z 1B4",45.8953,-72.4314
50065,SAINT JEAN AUGUSTINE I24,QC,SAINT-AUGUSTIN-DE-DESMAURES,"3065 Rue Fossambault, Saint-Augustin-de-Desmaures, QC G3A 2K4",46.7378,-71.48
58237,SHAWINIGAN I24,QC,SHAWINIGAN,"2300 Boul des Recollets, Shawinigan, QC G9N 8P2",46.5753,-72.7464
58238,ANGE GARDIEN I24,QC,ANGE-GARDIEN,"505 Route 116, Ange-Gardien, QC J0E 1E0",45.3464,-72.9297
9003,PEMBROKE IRVING BIG STOP,ON,PEMBROKE,"1751 Paul Martin Dr, Pembroke, ON K8A 6W5",45.8281,-77.1264
9000,IRVING OIL - CORNWALL MAINWAY,ON,CORNWALL,"3250 Brookdale Ave, Cornwall, ON K6K 1W3",45.0206,-74.7183
4011,IRVING 24 PARKDALE,PE,CHARLOTTETOWN,"500 University Ave, Charlottetown, PE C1A 4P3",46.2522,-63.1212
